{
  "price_accuracy": 0.758882046423496,
  "price_type_accuracy": 0.8872572240644244,
  "mean_iou": 0.8017260017733726,
  "mean_iou_bigram": 0.8342605668954195
}