{
  "overall": {
    "price_accuracy": 0.793462813832307,
    "mean_iou": 0.8017260017733726,
    "mean_iou_bigram": 0.8338442770428436,
    "price_type_accuracy": 0.8872572240644244
  },
  "stratified": {
    "BULK_OFFER": {
      "price_is_correct": 0.8601823708206687,
      "iou_words": 0.883485309017224,
      "iou_bigrams": 0.9009517669092137,
      "type_is_correct": 0.9240121580547113
    },
    "BUY_X_GET_Y_FOR_Z": {
      "price_is_correct": 0.8488372093023255,
      "iou_words": 0.924031007751938,
      "iou_bigrams": 0.9304203380037556,
      "type_is_correct": 0.9418604651162791
    },
    "STANDARD": {
      "price_is_correct": 0.7797270955165692,
      "iou_words": 0.7818780093633895,
      "iou_bigrams": 0.8215600542696059,
      "type_is_correct": 0.889538661468486
    },
    "UNKNOWN": {
      "price_is_correct": 0.7579617834394905,
      "iou_words": 0.7579617834394905,
      "iou_bigrams": 0.7607328976755728,
      "type_is_correct": 0.7579617834394905
    }
  }
}