{
  "overall": {
    "price_accuracy": 0.7835149218379914,
    "mean_iou": 0.7943628612032213,
    "mean_iou_bigram": 0.8256486940059531,
    "price_type_accuracy": 0.8744670772145903
  },
  "stratified": {
    "BULK_OFFER": {
      "price_is_correct": 0.817629179331307,
      "iou_words": 0.8475177304964538,
      "iou_bigrams": 0.8673373907416461,
      "type_is_correct": 0.8693009118541033
    },
    "BUY_X_GET_Y_FOR_Z": {
      "price_is_correct": 0.8488372093023255,
      "iou_words": 0.9310077519379845,
      "iou_bigrams": 0.9390531780319444,
      "type_is_correct": 0.9534883720930233
    },
    "STANDARD": {
      "price_is_correct": 0.7706302794022092,
      "iou_words": 0.774528914879792,
      "iou_bigrams": 0.812756217142182,
      "type_is_correct": 0.8784925276153346
    },
    "UNKNOWN": {
      "price_is_correct": 0.802547770700637,
      "iou_words": 0.802547770700637,
      "iou_bigrams": 0.802547770700637,
      "type_is_correct": 0.802547770700637
    }
  }
}