{
  "overall": {
    "price_accuracy": 0.1705352913311227,
    "mean_iou": 0.1978604137059845,
    "mean_iou_bigram": 0.212302346416261,
    "price_type_accuracy": 0.0
  },
  "stratified": {
    "BULK_OFFER": {
      "price_is_correct": 0.2948328267477204,
      "iou_words": 0.37487335359675783,
      "iou_bigrams": 0.3813179559380167,
      "type_is_correct": 0.0
    },
    "BUY_X_GET_Y_FOR_Z": {
      "price_is_correct": 0.0,
      "iou_words": 0.3567829457364341,
      "iou_bigrams": 0.18484194983582988,
      "type_is_correct": 0.0
    },
    "STANDARD": {
      "price_is_correct": 0.17089018843404807,
      "iou_words": 0.17132337015377952,
      "iou_bigrams": 0.19936337757975184,
      "type_is_correct": 0.0
    },
    "UNKNOWN": {
      "price_is_correct": 0.0,
      "iou_words": 0.0,
      "iou_bigrams": 0.0,
      "type_is_correct": 0.0
    }
  }
}
